beneficiary_id,cif_no,beneficiary_name,beneficiary_account_no,beneficiary_bank_code,beneficiary_bank_name,nickname,is_saved,last_used_at,created_at
4ac78c04-ea5a-5990-973d-52f58e78f498,CIF000001,Bui Duc Tuan,9409610556,ACB,ACB,,True,,2025-12-22 15:25:56
8ce5b028-4d19-5ea3-8316-15b336b9c8fa,CIF000001,Nguyen Ngoc Binh,805892583206,STB,Sacombank,,True,2026-02-22 20:57:58,2024-08-24 03:53:39
d7cf976a-3217-5eda-ab79-823b9d2889fc,CIF000001,Dang Duc Em,179086416862,BIDV,BIDV,Tien nha,True,2026-01-08 01:53:20,2025-10-19 17:50:41
9af2ada1-336f-5d90-b8aa-8b7f53524d68,CIF000002,Do Minh Khoa,4659116655,CTG,VietinBank,Tien hoc,True,,2024-02-18 22:17:36
c10318c3-ff1a-5f61-8bb2-e9dfcf1d1131,CIF000002,Vo Huu Long,9270335211039,BIDV,BIDV,,False,2026-04-14 17:19:12,2023-11-20 20:44:39
b7e836b9-3413-5762-9cd7-7f3c5bff767f,CIF000002,Hoang Hoang Tuan,5383388487,VIB,VIB,,True,2025-12-04 13:41:48,2025-01-06 00:54:51
31a8207a-bb7e-59a5-84b6-d52f96666946,CIF000002,Ngo Anh Binh,204394070164,MB,MB Bank,,True,,2025-01-21 10:37:49
f8ea5096-9f84-5b2d-bb5d-6fc061ef8d9a,CIF000002,Pham Ngoc Uyen,5798123878,VCB,Vietcombank,Ban Hoa,True,2026-04-24 13:06:43,2024-01-30 21:34:48
5b9f5843-a121-5565-8558-5f945a6991b8,CIF000003,Vo Thanh Oanh,384046084325,ACB,ACB,,True,2026-04-11 15:41:06,2024-05-19 07:07:46
727fbd22-2b5a-553a-af2e-e18bee5ce44e,CIF000004,Pham Huu Em,4957823298324,TPB,TPBank,,True,,2024-01-12 11:40:24
09244419-78ba-585d-a6b8-3f922baca075,CIF000004,Ngo Duc Nam,8812520566,VPB,VPBank,Bao hiem,False,,2024-07-30 07:51:39
3fc585bf-09d5-57bf-8ed0-1c1c947ad24a,CIF000004,Le Minh Dung,20994999393,CTG,VietinBank,,True,2026-03-03 13:07:38,2023-12-26 07:06:42
dfd12aa7-51c5-5acb-971d-4935b6817ca0,CIF000004,Do Huu Tuan,267722330604,ACB,ACB,Chi Lan,False,,2023-09-11 17:44:27
e8327f40-c6f8-54c8-a6a2-02998a2a1913,CIF000005,Bui Huu Tuan,736609656999,TPB,TPBank,Dong nghiep,False,2026-02-26 16:39:11,2025-05-10 18:28:56
e49fad46-9a4a-5028-b3d2-a9d108f5f6dc,CIF000005,Nguyen Minh Uyen,0868034764472,ACB,ACB,Minh,True,,2025-05-21 03:28:33
8ef70b86-3190-55a9-8a63-4aebd1a3d092,CIF000006,Tran Anh Dung,98266570279,CTG,VietinBank,,True,2026-04-05 22:35:06,2024-02-10 18:08:25
60458c87-7c06-5354-8fcf-e464152b6708,CIF000006,Tran Thi Dung,5186892686025,VIB,VIB,,False,2025-12-29 01:55:09,2024-03-04 20:38:10
bdd9fc3a-af61-55cf-ab9f-b5d7a8581637,CIF000006,Nguyen Ngoc Minh,742123094077,STB,Sacombank,Minh,True,2026-01-12 02:42:19,2025-12-01 18:22:43
abe8e337-20f3-5397-a716-e46e472b52c2,CIF000006,Bui Hoang Quang,1990384983022,VCB,Vietcombank,,True,,2025-11-15 00:51:30
67c2c65d-ab39-59d5-9753-d5d8edf0e4a0,CIF000007,Hoang Thanh Nhi,0162249998,BIDV,BIDV,,False,2025-12-07 23:01:36,2023-10-23 15:59:58
9844e7b0-a3ec-5b59-9cef-acd6af06da44,CIF000007,Hoang Thanh Oanh,1681472145868,CTG,VietinBank,,True,2026-04-21 16:46:52,2025-08-30 16:33:33
b21d1c88-2474-52c9-a1fe-df4a84c42168,CIF000007,Tran Hoang Lan,695489952997,TPB,TPBank,,True,,2024-05-27 12:29:29
5698cb8d-cc9a-5e6f-aecc-531111f32cec,CIF000007,Hoang Minh An,0713966055,TPB,TPBank,,True,2026-04-13 23:42:45,2024-08-11 11:48:16
aee45e09-d99c-53db-b28d-b66da34fd608,CIF000007,Hoang Thi Minh,885015569902,CTG,VietinBank,Bo,False,2026-03-03 03:19:56,2023-07-26 05:42:27
61067169-6cf6-527e-a9a7-68271934286d,CIF000008,Bui Duc Hieu,8576084958803,VIB,VIB,,False,,2024-12-01 06:59:50
b672ec3b-66d0-5782-83e4-53f12c1b4a95,CIF000008,Tran Duc Linh,5682996291,VPB,VPBank,,True,2026-02-19 08:46:19,2023-10-13 20:03:21
8d2c1832-32fd-5ea6-b89e-dec7f09a2b65,CIF000009,Pham Thanh Son,384215031780,STB,Sacombank,,True,2026-03-04 21:08:33,2025-08-22 10:15:55
5b862ce8-2f06-56ef-aef8-9840344f06ee,CIF000009,Hoang Thanh Em,8230768104,VCB,Vietcombank,,True,2026-03-01 15:47:57,2023-08-11 16:12:55
b06d6999-160f-5d51-a58d-380dc18af51a,CIF000009,Tran Anh Hai,094353344857,TCB,Techcombank,Anh Nam,True,2026-03-31 23:08:02,2025-10-17 08:21:38
5903cc4a-de67-529c-b156-5cf92f842b92,CIF000009,Do Thi Hoa,854249321495,TPB,TPBank,Anh Nam,True,,2023-08-18 09:08:11
8adb6f8e-8b0d-5c73-ba79-48f5940e49a3,CIF000010,Dang Van Cuong,6299795453817,VIB,VIB,Bao hiem,False,2025-12-19 21:16:42,2025-05-08 17:24:32
20d6c85c-b345-56e4-bdfa-53c191c97ca5,CIF000011,Bui Hoang Khoa,29456255770,TCB,Techcombank,Bo,True,,2024-08-12 11:19:02
6f1ee244-8162-545b-9291-9dc7fbb4b546,CIF000011,Vo Huu Xuan,81615814876,VIB,VIB,Tien hoc,True,2026-03-04 16:01:43,2025-01-17 05:42:53
7b6fb868-8b03-5be4-9a62-0d6dd7caa628,CIF000011,Tran Thanh Hoa,6958321971997,MB,MB Bank,Bao hiem,True,2026-02-17 19:08:08,2023-09-17 03:09:38
f4649106-d980-5456-968f-bda86eb43f3f,CIF000012,Tran Huu Hai,5701329022784,ACB,ACB,,True,2026-05-20 09:05:54,2024-10-04 19:37:06
3ef92bf7-f917-5e43-a7fb-5c89a68596ed,CIF000012,Hoang Huu Trang,651909862405,TPB,TPBank,,True,2026-02-08 18:12:04,2023-11-18 09:50:58
0d47677a-cff7-50f5-9349-156e26a91f7e,CIF000012,Hoang Van Khoa,9656666832723,TPB,TPBank,Bo,False,2026-05-19 11:14:35,2023-12-13 00:48:42
999a20de-d2a4-5bc0-9025-ba8516008f9c,CIF000012,Le Van Cuong,2762126796,VIB,VIB,Ban Hoa,True,,2025-01-18 15:12:15
ba1f6fee-a95f-5f31-a442-61a680d992ec,CIF000012,Vo Minh Giang,9097384689500,VIB,VIB,Bo,True,2026-04-14 01:57:01,2023-10-03 08:58:08
b3f5beb7-e5ec-5ec0-a0a3-207ed58308a8,CIF000013,Do Quoc Son,8913718949,VCB,Vietcombank,,True,2026-02-27 03:57:19,2025-08-05 09:27:57
f30f5192-3e8d-55e3-b4a7-73a02014d2ad,CIF000013,Bui Huu Lan,654420949407,VIB,VIB,Minh,True,2026-04-23 04:26:24,2023-07-13 09:44:47
e40bc083-5213-572b-9385-3187b32c864b,CIF000014,Bui Thi Em,4429444019,BIDV,BIDV,,False,2026-02-10 19:14:17,2024-02-28 11:21:44
ef670993-341d-5b80-aca0-968e3f8705b2,CIF000014,Hoang Minh Tuan,80512927663,STB,Sacombank,,True,2026-05-13 11:13:34,2024-11-18 01:21:19
22f7569b-3d59-5625-9e36-0d01d763704e,CIF000014,Nguyen Quoc Hai,0276747836,ACB,ACB,Anh Nam,True,2026-01-26 01:52:09,2025-04-28 05:14:44
8f3f8103-5274-5b4c-85fb-9a05f3aa1f95,CIF000015,Vo Anh Thao,1856945441,VPB,VPBank,,True,,2024-06-10 14:50:39
6427e47b-ebdc-5e55-aab4-6e067398b2ab,CIF000015,Ngo Minh Uyen,258001061817,MB,MB Bank,Thue nha,True,2026-03-31 06:36:01,2023-10-21 19:49:10
979f38da-fed9-5666-86df-05e4944b3df9,CIF000015,Nguyen Huu Thao,91119269212,VPB,VPBank,Chi Lan,False,2026-05-29 04:04:19,2024-08-03 08:19:33
73269e4e-245d-51ad-b4b5-5f54dd3963d5,CIF000015,Dang Thanh Linh,14066504427,TCB,Techcombank,Tien nha,True,2026-03-06 13:09:11,2023-11-16 10:34:51
d626807b-b1ba-5aaa-aa7d-69964c32bd4e,CIF000016,Do Ngoc Hoa,7410119470,STB,Sacombank,Chi Lan,True,2026-02-14 19:47:11,2024-07-18 21:28:19
79204665-fb93-5e17-b921-54a63ed7fd2c,CIF000016,Le Thanh Hung,9087766183067,TCB,Techcombank,Bo,True,2025-12-11 17:13:32,2023-10-19 20:18:35
270a8f80-d819-5f9c-b6b1-40349925d417,CIF000017,Do Thanh Cuong,4328063461571,STB,Sacombank,,True,2026-04-19 18:13:37,2025-12-08 02:36:28
39ac6398-6cb4-50c7-b60e-d4f2d6cce66e,CIF000017,Pham Hoang Phuc,8478700505,VCB,Vietcombank,Tien nha,False,2026-02-28 00:09:38,2025-09-11 12:27:31
87db84ba-0128-563e-b1ad-71204c0d58dd,CIF000017,Le Huu Khoa,0270790320,BIDV,BIDV,,False,,2023-10-30 03:19:03
ea7bd960-9285-5a2c-a986-780f76c11936,CIF000018,Ngo Duc Long,1179931365,ACB,ACB,Chi Lan,True,2026-05-12 10:01:57,2024-04-27 05:51:32
3a80cdc6-044e-567e-84fe-7ddcf248a01d,CIF000018,Nguyen Huu Giang,114262582739,VCB,Vietcombank,Tiet kiem,False,2026-05-01 00:09:57,2024-02-01 01:28:58
6a4c132e-2c8c-58e9-a89a-d74311db16ea,CIF000018,Nguyen Hoang Cuong,0219467232,VPB,VPBank,Em gai,True,2026-04-14 07:25:56,2023-07-29 10:37:13
4d1e9970-afa2-5a15-943e-28a6f02e4ca2,CIF000018,Ngo Duc Duc,9145608331819,MB,MB Bank,,False,2026-03-01 03:24:12,2024-04-19 06:51:17
c1335254-385a-5af3-afae-b154257c2928,CIF000019,Nguyen Minh Dung,77220054364,MB,MB Bank,,False,2025-12-21 06:38:15,2023-08-21 11:43:22
b4d881b8-b762-55dd-877f-141d87a65c2f,CIF000019,Do Duc Giang,7811379956,CTG,VietinBank,,False,2025-12-22 09:15:22,2024-10-19 15:05:26
0ed03f9e-d9dc-5540-9f8a-ac28ae6ec6b1,CIF000019,Pham Thi Khoa,3631797062397,BIDV,BIDV,Anh Nam,True,2026-02-08 15:09:04,2024-07-23 22:56:27
ba25d4f6-f675-5954-ba7a-3957fda02a2a,CIF000020,Vo Duc Binh,4217762534,VIB,VIB,Tiet kiem,True,2026-01-02 23:57:24,2025-11-15 01:55:46
2371fb1c-20b5-583d-85b3-00be9aeebd16,CIF000020,Do Minh Cuong,8739774063356,VIB,VIB,Tien hoc,False,,2023-06-08 21:18:21
4fd38d1b-3d40-50e6-b4fc-4c2813f92fec,CIF000021,Nguyen Van Tuan,6867177318,VCB,Vietcombank,,True,2026-02-08 14:17:29,2024-09-02 11:51:59
3a2ac48f-389a-55f1-804a-92aa566cdd8d,CIF000021,Pham Thi An,4279907726257,VCB,Vietcombank,,True,,2024-10-30 03:38:25
ebd89050-8be3-5d67-b6ee-410b3da2573e,CIF000021,Do Van Minh,4989319508501,ACB,ACB,Tien hoc,True,2026-04-05 20:42:12,2025-10-16 01:13:05
620d2b03-8fa0-53e6-aa29-38c2a49cd023,CIF000021,Tran Anh Duc,25381793355,VPB,VPBank,Em gai,True,2026-02-06 00:52:20,2025-05-03 19:05:29
ba158ad1-21cc-57af-9616-2a30b200d368,CIF000022,Do Anh Long,7884795137,TCB,Techcombank,Anh Nam,True,,2023-11-17 21:25:11
12d649e1-3c83-51d5-9389-8d9aa4f99eb9,CIF000022,Le Quoc Dung,72380468275,ACB,ACB,Chi Lan,True,2025-12-05 06:41:53,2024-05-26 21:49:04
2634b9fc-37bb-591a-9bb5-9dc82052d15e,CIF000022,Do Thanh Quang,579887749242,VPB,VPBank,Bo,False,,2023-08-13 12:10:40
dfa9e5ef-c4ab-5102-91c5-86cc55cd9500,CIF000022,Le Thanh Minh,2928422223105,VIB,VIB,Thue nha,True,2026-04-17 07:29:06,2023-07-24 21:18:10
e3c81f2e-3ea4-51a6-a071-368074988eac,CIF000023,Vo Duc Oanh,8284106727520,TPB,TPBank,,True,,2025-06-06 04:40:13
03d3baee-ac43-59b6-b3fd-16e9421cadd4,CIF000023,Hoang Huu Thao,97517028140,ACB,ACB,,True,2026-02-02 08:58:40,2023-08-25 11:48:09
d373b160-8047-5642-8f81-cc9903cc67fb,CIF000023,Ngo Minh Xuan,43018718637,MB,MB Bank,,True,2026-04-09 11:21:23,2024-12-12 21:28:26
ae58821c-4cd2-52a3-888d-67e19d75a1a3,CIF000024,Le Ngoc Oanh,5045547813767,VPB,VPBank,Dong nghiep,False,2026-05-24 01:39:40,2025-03-05 10:15:49
2a8571b8-8566-5b2b-915a-dc7d9266143c,CIF000024,Le Huu Yen,2347851961,VCB,Vietcombank,Thue nha,True,2026-04-17 21:59:27,2025-10-30 05:27:18
b721dabe-0948-5b76-afd6-e470856d9bfb,CIF000024,Le Minh Giang,4870494787300,BIDV,BIDV,Chi Lan,False,2026-04-06 22:59:21,2024-08-20 21:49:28
fbf197b6-244a-58d6-8ebc-3b901970f67a,CIF000024,Dang Duc Tuan,01471959796,VPB,VPBank,,True,2025-12-24 05:18:01,2024-12-31 17:59:13
71ff8aae-6942-5468-9030-65ab80802630,CIF000025,Ngo Van Mai,290257252045,ACB,ACB,,False,2026-01-26 15:15:11,2025-08-31 17:22:43
6e16ba24-d751-50db-86b3-24e5e947aea4,CIF000025,Tran Anh Hoa,19285544518,VIB,VIB,Anh Nam,True,2026-02-11 10:22:19,2025-06-23 06:20:45
042f04f7-e642-5299-8dd1-25a36cac8f78,CIF000025,Dang Thanh Nhi,13283389888,TCB,Techcombank,Me,True,2025-12-04 08:59:37,2025-06-14 21:44:07
68290410-37db-5ad3-b1f6-fbe2e3325b32,CIF000025,Vo Quoc Duc,279852401322,CTG,VietinBank,Tien nha,True,2026-04-14 03:26:45,2023-11-21 13:18:19
1f7c21aa-1609-56a8-bf3a-fdc385873678,CIF000025,Tran Van Hai,6031089071401,VPB,VPBank,,False,,2025-12-21 20:25:51
df060512-ad10-5898-90cb-9a6441f81bc0,CIF000026,Ngo Minh Giang,012495528938,VIB,VIB,Bao hiem,True,2026-01-12 03:17:03,2024-03-24 13:24:32
d1482ac1-aa9a-539d-840a-64396666c592,CIF000026,Hoang Duc Hung,1387592712,MB,MB Bank,,True,2026-02-18 03:27:03,2023-11-23 07:11:03
bd36a827-1fc8-5f00-910c-eb297b896ac1,CIF000027,Tran Hoang Dung,75480157164,STB,Sacombank,,True,,2025-04-20 15:52:28
78bddcd2-c241-56ff-9727-62b6929f03fd,CIF000027,Pham Anh Quang,631752071678,TCB,Techcombank,Em gai,True,2025-12-20 18:03:34,2024-02-18 02:27:26
eb298e87-a6d7-5c40-becd-c6cf5a4dc4f1,CIF000027,Tran Thanh Hoa,396136749946,MB,MB Bank,Tien hoc,False,,2025-08-03 10:54:54
416cc769-1732-57d2-9ca8-15015d101c51,CIF000028,Le Hoang Dung,4773201017,VCB,Vietcombank,,True,2025-12-30 15:48:15,2024-09-13 07:26:07
579536fa-7b5a-56a7-be08-984ef6ea1a4e,CIF000028,Ngo Huu Dung,8773477848,MB,MB Bank,,True,2026-04-28 08:20:04,2023-07-20 02:04:41
c3a9ad74-2c4b-5c79-985d-3209c7eec594,CIF000028,Dang Thi Phuc,5677002842762,VPB,VPBank,,True,2026-04-11 01:50:33,2025-07-02 01:10:04
87a6028c-fa5f-55cf-b591-b9f0377c0149,CIF000029,Do Huu Tuan,8280647969545,VCB,Vietcombank,Minh,True,2026-05-07 04:47:32,2025-11-24 03:52:01
84a0b985-e38c-5b32-9532-b92f485b9d36,CIF000029,Nguyen Thanh Phuc,6556503334,VIB,VIB,Dong nghiep,True,2026-02-04 13:18:11,2024-02-19 17:49:44
d21ea627-0ab6-5a35-933f-5876c4770a45,CIF000029,Nguyen Anh Nam,7698640790,MB,MB Bank,Em gai,True,2026-03-05 19:54:58,2023-11-03 10:23:00
f57c7b31-b7d3-5167-bb65-028c0d6591d3,CIF000029,Pham Thanh Tuan,294563718344,VCB,Vietcombank,Tien hoc,True,2026-04-24 06:06:32,2023-10-21 20:26:11
30bf3cf3-fe3e-5f38-aa29-d39ad6c2fb26,CIF000029,Ngo Thi Xuan,419876351484,ACB,ACB,,True,2026-01-18 18:58:43,2025-08-09 14:21:27
28416c34-703d-5915-b0cd-9e7a95d78bdc,CIF000030,Do Duc Hung,8297374896,VIB,VIB,,True,2026-02-28 19:20:39,2024-01-16 12:17:02
0aa77cb8-9370-5d8d-8ea4-fb7409787716,CIF000030,Pham Duc Lan,665136442493,ACB,ACB,Anh Nam,True,2026-05-10 15:09:56,2024-09-25 09:47:29
b6e9a24a-d1d1-520b-b09e-0fe66e3e12b1,CIF000030,Bui Hoang Vy,6032420448207,VCB,Vietcombank,Me,True,2025-12-13 08:18:43,2025-02-22 06:18:54
b3621268-c827-54f1-bf8b-9dcebda6baee,CIF000030,Vo Thi Phuc,31981898471,CTG,VietinBank,Tiet kiem,False,2026-03-24 11:09:27,2025-01-26 18:24:52
0976e3a2-cee7-5021-8ca0-a0471ed076bf,CIF000031,Dang Minh Em,2347649078,MB,MB Bank,,True,2026-03-03 04:58:50,2024-06-17 16:28:12
b8a4fbf5-2a25-57ac-9b6f-6ed7ebc2317b,CIF000031,Hoang Duc Oanh,5409003486451,TPB,TPBank,,False,2026-05-26 15:55:28,2025-01-31 11:11:27
b5ea9f79-fc4c-52c2-a600-044eac86613f,CIF000032,Hoang Thi Nhi,43275604177,ACB,ACB,,True,2026-05-28 08:44:07,2023-11-03 23:01:04
6d2452d8-045b-5027-82df-2f0a79417518,CIF000032,Le Quoc Uyen,5698570027,BIDV,BIDV,Tien nha,True,2025-12-16 23:13:44,2023-11-20 03:58:29
d1092584-c29f-5a4e-a717-7c16c9469b4e,CIF000032,Le Minh Uyen,96577242954,CTG,VietinBank,Bo,True,,2025-11-03 01:42:05
01fc9320-df30-5b86-8c2c-eb7046c7c218,CIF000033,Nguyen Van Nhi,17342069694,BIDV,BIDV,Bo,True,2025-12-03 17:46:48,2025-08-25 20:39:01
51174d4e-8c39-50e4-bf1b-23affd96e470,CIF000033,Dang Hoang Long,1333447626393,VPB,VPBank,,True,2026-05-03 21:08:51,2024-01-13 17:08:38
9498bb86-62da-5810-a05a-6e287a09f1b2,CIF000034,Hoang Quoc Khoa,3597107256366,VIB,VIB,Me,True,2026-05-30 19:04:32,2024-05-30 19:31:24
47ca8b7b-205e-5898-918b-5e011d720fff,CIF000035,Vo Huu Thao,0489646528,VCB,Vietcombank,Thue nha,True,2026-02-04 20:40:41,2025-05-28 03:28:07
b36d30d2-f211-57f0-af7a-5492e59aac48,CIF000035,Le Thi Nam,2415027456449,VPB,VPBank,Em gai,False,2026-03-06 09:30:23,2024-01-21 23:33:30
9eb5cc29-e662-558c-b42f-67885efd0750,CIF000035,Do Hoang Binh,20320742761,STB,Sacombank,Bo,False,2026-02-27 21:18:53,2025-07-05 19:56:43
74303bd8-16a8-5159-8e13-8d9e3879fce6,CIF000035,Tran Duc Dung,134228499390,TPB,TPBank,,True,,2024-06-17 09:24:51
f2dc2540-cf7e-5684-b642-a2159c66a626,CIF000036,Tran Thanh An,165915201777,VPB,VPBank,Minh,True,2026-03-31 20:25:49,2025-05-04 20:52:00
e4eda658-206e-5863-9ad8-42dc31625f16,CIF000036,Vo Huu Em,04501896164,BIDV,BIDV,Tiet kiem,False,2026-05-15 12:13:10,2024-04-19 11:06:23
4cc927b5-d94b-5359-8ecf-65708a66a28f,CIF000036,Le Ngoc Hai,4214764925158,CTG,VietinBank,Em gai,True,2026-02-21 03:39:06,2023-10-19 03:43:58
16b71d09-9445-5805-bb47-890037654338,CIF000036,Dang Thanh Yen,66108573278,TPB,TPBank,Anh trai,True,,2025-06-11 22:38:32
96365a3e-3be0-59c2-a56c-cb07104a740e,CIF000037,Le Duc Thao,386490810818,ACB,ACB,Anh trai,True,2026-01-19 04:50:16,2024-12-04 04:25:16
6e4960e9-9a0f-5bb2-9912-9b14552c7cce,CIF000037,Hoang Huu Cuong,1722601645,VIB,VIB,,False,2026-05-06 20:46:46,2024-07-16 18:41:22
44e70f8d-5c2e-59a4-b618-b7dc5dea9013,CIF000037,Vo Duc Hoa,19416800610,BIDV,BIDV,,True,2026-04-07 17:11:01,2025-12-21 23:59:24
23d4cf70-199e-566e-831b-e88e76217f44,CIF000038,Hoang Huu Long,641220310303,STB,Sacombank,,True,2026-04-01 13:38:49,2025-09-14 15:48:44
c55647bd-6869-5be4-a502-e24f2c4d1a4d,CIF000038,Pham Thi Minh,2760122777079,CTG,VietinBank,Tien hoc,False,2026-02-03 19:51:14,2023-06-13 05:34:28
14e2af40-8c13-5d71-8f2b-477ffe6a0636,CIF000038,Tran Ngoc Quang,9984076789973,VCB,Vietcombank,Em gai,True,2026-01-22 00:15:58,2025-03-10 00:00:41
9200d336-5708-5c3b-8f81-9f4ae85bbda9,CIF000038,Bui Thi Tuan,760243757383,VIB,VIB,,True,2026-05-13 14:10:53,2025-05-28 17:43:34
f728e4e6-ea03-5d27-bfb9-4f1317a6ec5c,CIF000039,Hoang Ngoc Quang,729341722329,STB,Sacombank,Em gai,False,2026-01-15 13:52:09,2024-04-21 08:13:33
b226cb13-89f6-5b58-9559-53f8e7f29ed0,CIF000039,Do Van An,452280156193,TCB,Techcombank,Anh trai,True,2026-02-07 23:32:34,2023-08-12 12:13:14
95a5ee24-04f2-5520-bae9-204c5dad0cc2,CIF000040,Hoang Duc Mai,0771199180,TPB,TPBank,Chi Lan,True,2026-02-09 05:21:26,2024-01-30 22:35:51
073128f9-9ef6-5871-aa15-3887f942c6ff,CIF000040,Hoang Hoang Hai,1255213760375,VPB,VPBank,Me,True,,2025-03-06 16:38:32
10c9db39-0d9b-547d-b428-2b1a41c6b151,CIF000040,Vo Minh Em,3266678507208,TCB,Techcombank,Bo,True,,2025-04-05 07:23:15
3f932d8b-37a5-5342-ad1c-d7ecd0b983af,CIF000040,Nguyen Ngoc Hai,2908466845,MB,MB Bank,Thue nha,False,2025-12-29 12:25:32,2025-02-17 11:54:10
b13ee7ed-0499-52f7-a65b-b2cf727f6011,CIF000040,Bui Minh Hung,5634108562884,CTG,VietinBank,Ban Hoa,True,2026-04-03 10:30:33,2024-02-04 14:15:06
d56b0a37-53ca-5cf8-af02-e33c4ab14f77,CIF000041,Nguyen Anh Xuan,346810548510,TCB,Techcombank,Tien hoc,False,2026-01-15 20:17:35,2025-11-20 11:23:21
078fcbed-c620-55de-8dfb-30a3aa77fc22,CIF000042,Do Huu Khoa,449268315893,MB,MB Bank,Anh Nam,False,,2023-10-06 07:12:42
a52f12f7-28e8-56f3-af75-8b48b4615a0f,CIF000042,Tran Van Quang,73715869886,VPB,VPBank,Chi Lan,True,2026-05-30 18:56:25,2025-06-30 11:24:49
1677cd28-d03c-5e71-b2dd-6eee609e20de,CIF000042,Dang Duc Em,77288137702,TPB,TPBank,Me,True,2025-12-24 11:16:42,2024-12-26 03:09:48
72f606cf-3f7c-5fad-9967-dd580c4bacf3,CIF000042,Ngo Quoc Binh,15454470229,ACB,ACB,Thue nha,False,2026-05-09 01:23:58,2025-06-29 07:32:54
cc6fee17-874c-5799-aeae-3ba6731352bd,CIF000042,Nguyen Thi Vy,106794975679,BIDV,BIDV,,True,2026-02-26 08:49:22,2025-04-28 14:43:11
f77fdef2-1570-5927-b5f6-68ec48bcf25c,CIF000043,Vo Thi Trang,6365807412094,TPB,TPBank,,True,2026-03-31 03:22:11,2025-09-19 17:02:52
168c4bb8-3ad7-5ff3-8c79-6e96390cd83f,CIF000043,Ngo Van Xuan,78018204339,STB,Sacombank,Ban Hoa,True,2025-12-09 17:38:20,2025-07-03 11:26:34
e8e5fef6-895a-5c60-975a-92e54657e682,CIF000044,Vo Ngoc Giang,0856411182422,VPB,VPBank,,True,,2024-02-18 19:53:58
c9bd929a-dae6-5b7f-af26-81262897d68e,CIF000045,Ngo Thanh Giang,0461526546,TCB,Techcombank,Tien nha,False,2026-03-06 17:27:02,2025-07-30 02:46:31
2a613bd1-c3f6-5dba-af05-d8403731147e,CIF000046,Dang Thi Linh,5786170630,VPB,VPBank,Tien hoc,True,2026-03-18 17:07:26,2023-12-13 01:38:20
8814e0d4-5ff5-5dc8-8494-db1a71188fd2,CIF000046,Hoang Huu Quang,1832582386870,VCB,Vietcombank,,False,2026-04-06 19:28:29,2024-02-16 00:26:28
caa902da-f638-5dac-9583-5a94eb5e020c,CIF000046,Nguyen Van Nhi,4946539840289,TCB,Techcombank,Em gai,True,,2025-10-12 11:02:37
7aab2a65-49c5-523e-98f5-abc8c981a924,CIF000046,Hoang Ngoc Hoa,547435537950,BIDV,BIDV,,True,2026-05-25 01:02:17,2023-06-15 21:06:59
64d19603-3306-51a4-a45b-c59f4c70b6cd,CIF000046,Le Ngoc Vy,6811807156956,BIDV,BIDV,,False,,2023-12-11 19:32:02
450572f5-2837-59f2-9a93-c892f54bf5ad,CIF000047,Vo Minh Son,3045319433,STB,Sacombank,,True,2026-04-16 17:06:00,2025-12-28 10:19:22
4036469b-4744-5ecf-aac8-b4eccdc947b1,CIF000047,Pham Van Hoa,1498728399921,VIB,VIB,Me,True,,2024-05-20 03:09:27
681be8c6-7cfe-5a39-a5de-9b920182aaba,CIF000047,Do Quoc Hoa,8948706056,ACB,ACB,Chi Lan,True,2026-03-11 10:35:30,2023-08-07 12:28:49
fbdc2f25-488d-5fa6-ae18-5bb695f61924,CIF000047,Pham Van Linh,8750635190361,CTG,VietinBank,Bo,True,2025-12-19 18:46:34,2023-07-14 07:10:17
b62402d9-ff97-5987-b1a0-19131396d4d8,CIF000048,Dang Van Xuan,431735058319,VIB,VIB,Me,True,2025-12-17 14:37:14,2023-09-03 06:34:23
7a86ce84-785d-5780-a44c-86afa5c5b540,CIF000048,Nguyen Ngoc Nam,2070496110,TPB,TPBank,Bao hiem,True,2026-04-26 00:24:11,2025-02-28 15:13:02
592897c5-96fa-5a27-9564-ec893c1af257,CIF000048,Pham Huu Trang,7676991507,TPB,TPBank,Tien nha,True,2026-04-18 12:12:58,2023-09-13 22:14:25
cd25e8b6-2f2f-5f07-b9bd-a5f8361f6182,CIF000048,Ngo Minh Hung,84567972320,VCB,Vietcombank,Tien hoc,True,,2024-12-07 17:38:58
99629338-f696-5d7f-abc4-2d17dffc2bb0,CIF000049,Ngo Anh Hai,27495450892,VCB,Vietcombank,Bao hiem,False,,2025-03-17 15:34:47
723c1de6-fbf7-5fc8-b17c-9c515de32818,CIF000049,Vo Minh Hoa,15377959959,VPB,VPBank,Anh Nam,True,,2023-08-05 13:02:14
3572a25e-5cc1-5037-a30f-e0bb066f9a01,CIF000049,Bui Minh Nhi,3379337563,ACB,ACB,Minh,True,2025-12-06 19:53:31,2025-10-09 16:24:07
3a920e2c-904f-58fd-b706-4651e51b316f,CIF000050,Le Quoc Son,95003342342,MB,MB Bank,,True,2026-01-04 04:34:48,2024-07-11 16:11:11
6ee3774c-d673-562e-8236-e9c9fc730fda,CIF000051,Nguyen Duc Phuc,5347355289,ACB,ACB,,True,2026-05-29 10:52:35,2023-12-21 04:22:44
4cd53f49-f2b1-50ed-8917-faac70f4a2d8,CIF000052,Pham Anh Phuc,596309938425,CTG,VietinBank,Tiet kiem,True,2026-03-09 16:42:26,2025-11-24 08:09:48
040686d8-aad7-50fb-8066-aa4fce09972f,CIF000052,Bui Minh Lan,7912868578,STB,Sacombank,Dong nghiep,True,2026-04-18 23:10:12,2025-07-08 15:11:01
0876ef14-1ae3-53d5-9df9-bfeee4aa9228,CIF000053,Hoang Huu Phuc,3337363466,VIB,VIB,Bao hiem,True,2025-12-27 02:01:28,2023-10-09 12:47:47
4c23c120-d1bf-552b-a109-dcc993a5effb,CIF000053,Hoang Hoang Uyen,390789567766,MB,MB Bank,,True,2026-01-04 20:50:13,2025-04-17 03:20:26
afa089d3-17d2-5ae5-aca5-df2fbad06d69,CIF000053,Pham Quoc Hieu,5148881431,TCB,Techcombank,Minh,True,2026-04-11 02:13:41,2024-10-24 11:00:18
d6ceac97-8ea1-50d5-86c5-96130edf520d,CIF000053,Hoang Quoc Lan,392840445669,VCB,Vietcombank,Ban Hoa,False,,2025-02-07 12:04:16
52b55755-6ba3-5a66-958f-023641194c49,CIF000054,Pham Minh Tuan,89877515366,CTG,VietinBank,Bao hiem,True,2026-03-23 03:23:03,2023-12-17 09:04:20
597e9fd7-fd66-5c9d-ace3-e0480b1171ac,CIF000054,Hoang Van Tuan,536668459090,BIDV,BIDV,Bo,True,,2025-11-08 11:44:59
6739e413-f960-50b0-a671-0c46a71e8987,CIF000055,Dang Minh Phuc,8637159741,BIDV,BIDV,Ban Hoa,True,,2025-12-24 07:02:13
54a604b9-e13e-5de4-ae2c-5cf57eaaa766,CIF000055,Bui Van Giang,16433481705,TPB,TPBank,Bo,False,2025-12-31 11:50:17,2023-11-20 00:50:01
327e2e45-3fad-59ea-998c-be940747f8e6,CIF000055,Le Anh Quang,1632346729949,CTG,VietinBank,Chi Lan,True,2025-12-28 16:59:34,2025-04-23 10:04:40
a0cf1b8a-612f-55ea-b648-99fbac57e84e,CIF000055,Tran Ngoc Yen,85977790147,MB,MB Bank,,False,2026-03-30 00:54:54,2024-02-28 01:10:52
a51c900d-2232-5ecc-ad27-33e581a773d3,CIF000056,Pham Duc Hung,7629160324841,CTG,VietinBank,,True,,2023-12-06 07:48:18
6d50ff5f-ffd7-5553-a5a2-cc4012fd8baf,CIF000056,Vo Thi Hai,8567243807,VCB,Vietcombank,Dong nghiep,True,2026-02-05 17:33:39,2025-02-10 08:32:33
5c0cc1e4-e819-5652-a161-29f836035936,CIF000056,Pham Ngoc Binh,4125777118,CTG,VietinBank,,True,2026-01-24 04:53:43,2024-02-06 16:10:49
d59f56c9-2669-5ec1-ae53-5622893614b3,CIF000056,Le Van Yen,2418621042,STB,Sacombank,Tien nha,False,,2025-09-04 21:32:16
68770752-198f-5f15-ae12-47c10194d088,CIF000057,Bui Van Long,6470900633,MB,MB Bank,,True,2025-12-06 10:13:45,2023-06-23 14:50:05
ce3bb343-7608-5925-a9b5-1298aa0ee75f,CIF000057,Vo Minh Thao,3122068155,TPB,TPBank,,True,,2025-02-03 17:03:01
262ca489-ff09-5d68-876a-d4bbf2d5f0f7,CIF000058,Tran Minh Hoa,5520650637,CTG,VietinBank,Bao hiem,True,2025-12-09 12:46:13,2023-09-13 14:17:29
f2abaa1e-d3db-57cd-ad3b-8f5511b13a2a,CIF000058,Pham Ngoc Minh,1892419562525,STB,Sacombank,Minh,True,2026-02-13 05:58:47,2025-08-02 20:26:07
abc4a351-857e-5e1b-88e2-8fa8389f22b8,CIF000058,Pham Anh Xuan,3091436391,VCB,Vietcombank,Anh trai,True,2026-01-09 16:30:16,2023-07-29 21:15:53
7275cca9-400e-594e-9a16-b7fe8b7fdb69,CIF000058,Pham Huu Son,245086403553,CTG,VietinBank,Chi Lan,False,,2024-05-11 13:18:55
9bfe4b39-3618-5b7e-a9dc-26631b07ab9c,CIF000059,Dang Anh Nam,70171302321,BIDV,BIDV,Bao hiem,False,2026-03-09 12:46:11,2023-09-30 10:11:03
440672d5-2e04-5de0-afb2-dda39cc74a44,CIF000059,Dang Hoang Minh,33629344973,VPB,VPBank,,True,,2024-12-10 14:11:10
5fab596f-9887-5b3e-ae47-e5eb2e325972,CIF000059,Dang Ngoc Giang,7689627066149,TPB,TPBank,Dong nghiep,True,2026-01-29 09:21:05,2025-05-05 15:32:58
609e9555-f61b-5300-b244-e24ce72fc9ea,CIF000059,Hoang Ngoc Vy,1527323008576,ACB,ACB,,False,2026-03-06 01:28:24,2024-09-21 04:01:09
d1e30c2f-0600-505e-b95e-f62adaf45b62,CIF000059,Ngo Thi Quang,1692364587,MB,MB Bank,,True,,2024-06-18 09:03:56
ce5a0205-12eb-5482-a934-0a38abc4b022,CIF000060,Bui Van Nhi,024972439920,TCB,Techcombank,,True,,2025-02-07 18:05:50
f4ea388a-4f9d-5f13-81e6-563c961275d4,CIF000060,Ngo Thi Uyen,62644886946,TCB,Techcombank,Tien hoc,False,2025-12-28 17:05:34,2024-07-22 21:50:32
c612cc15-e866-5a80-9ac3-6dcbe57e7a90,CIF000061,Dang Quoc An,70116864622,MB,MB Bank,Anh Nam,True,2025-12-22 09:44:50,2025-05-01 01:51:06
9bc90183-3715-563f-b10c-f491d132fd05,CIF000061,Ngo Minh Giang,02346791214,TCB,Techcombank,Thue nha,True,2026-01-15 14:09:16,2025-06-12 09:17:45
213b4db8-9d2e-5287-ac3e-c39149a8a897,CIF000062,Tran Van Binh,090138069847,STB,Sacombank,,True,2026-04-12 09:41:52,2024-11-14 22:51:15
e00c8444-ed5c-5762-bd89-88c141b8f2be,CIF000062,Vo Minh Oanh,6905510762091,TPB,TPBank,Dong nghiep,False,2026-02-26 18:05:27,2025-06-08 04:43:07
54ff70e5-e5ef-5d58-9edb-8e45e07dcf68,CIF000062,Do Ngoc Thao,05050573976,VIB,VIB,,True,,2025-06-09 15:06:41
24d5aaca-1ada-5756-85fc-820197713a93,CIF000062,Tran Ngoc Minh,28980271487,BIDV,BIDV,,False,2026-03-15 23:41:42,2024-06-09 05:27:47
9a1981a6-954a-59b8-a706-ad40e1be4d73,CIF000063,Pham Duc Hai,1602564347,TCB,Techcombank,,False,2026-03-06 12:41:38,2023-10-19 11:54:46
cd1496e1-e45b-5f78-94b7-1ab6281ff67b,CIF000063,Vo Minh Nhi,5668633414,TCB,Techcombank,Bo,False,,2023-11-28 08:45:13
4ea6332b-4758-5d24-b400-f9fe8f4d65b3,CIF000064,Vo Duc Mai,690409836655,BIDV,BIDV,Tien hoc,True,2025-12-02 18:49:17,2025-09-14 05:00:55
1e0d3c2f-c234-53f2-a2cc-3e454d191bba,CIF000064,Bui Thanh Em,377294209548,TCB,Techcombank,Bao hiem,False,2026-05-10 21:57:45,2024-05-01 02:04:03
86efe233-db5f-5523-915e-84d6921e671f,CIF000064,Bui Quoc Duc,0523302764208,ACB,ACB,Chi Lan,True,2026-02-14 23:52:56,2025-01-28 11:53:20
f3919fc4-7fa5-5441-8312-dc867e4aa9a5,CIF000064,Tran Anh Lan,438612590472,VIB,VIB,Dong nghiep,True,,2024-04-21 20:39:22
a438e624-2879-52bb-9480-8f6fc545ddc0,CIF000064,Pham Minh Lan,5912662015,STB,Sacombank,Minh,True,2026-02-04 17:27:29,2025-12-08 19:16:18
7a93593d-6dc0-5ef4-b9cd-3cd66220dbc3,CIF000065,Le Ngoc Khoa,1367492617,ACB,ACB,Chi Lan,True,2025-12-23 15:31:27,2023-10-07 08:55:49
3b6b2749-a550-5714-a46d-d05aea0729f2,CIF000065,Tran Hoang Hieu,09997419267,ACB,ACB,Anh Nam,True,2026-05-26 11:41:24,2025-09-12 23:51:54
2e9f97a9-e951-5150-9892-ed8104ffcc5c,CIF000065,Le Ngoc Long,6888718981,CTG,VietinBank,,False,2026-03-27 08:01:13,2024-03-06 12:33:30
ee173bd9-b3c1-5e25-a9b0-b3cedc3f9894,CIF000065,Nguyen Anh Son,102932184011,TPB,TPBank,Ban Hoa,True,,2023-06-01 03:11:24
e41c33f6-2dd0-5208-a9f6-d455a0a6d062,CIF000066,Hoang Van Uyen,872975859883,TCB,Techcombank,,True,2025-12-28 12:13:03,2024-09-08 13:58:11
3521c4d5-c38f-5b49-baa3-295250722973,CIF000066,Pham Duc Yen,95429618446,BIDV,BIDV,Me,False,2026-04-14 20:40:34,2024-01-09 12:31:17
87eb2a97-8a25-5a7b-988a-2fceadc2c043,CIF000067,Pham Thi Hieu,359892625660,VIB,VIB,Thue nha,True,2026-03-17 11:35:01,2025-02-21 21:54:17
1c643e49-4c01-57de-a0ed-752eccff8f81,CIF000067,Tran Thanh Hieu,5542340163,ACB,ACB,,False,2026-03-13 05:33:16,2024-09-19 04:59:44
81d7e1c6-50f9-572b-9f54-0e6a16fac7b2,CIF000067,Ngo Hoang Dung,948491025625,TPB,TPBank,Bao hiem,True,2026-01-20 07:18:42,2023-06-15 18:05:28
ff0c645c-3212-5f9b-8ce6-1bf158bea27b,CIF000067,Do Duc Thao,26940539672,STB,Sacombank,,False,2026-01-23 13:25:41,2025-03-26 12:14:17
d80655f3-857a-5776-9732-cd7d7ab4b7f9,CIF000067,Do Minh Minh,4651113129,VCB,Vietcombank,Thue nha,True,2026-05-19 18:46:48,2023-06-17 14:43:35
d489d66f-ab22-58d0-8932-0d13aa1ffeed,CIF000068,Do Duc Tuan,8816093068538,VIB,VIB,Anh trai,False,2026-05-21 06:05:39,2025-08-22 06:06:23
d350226b-4994-5b8c-99ce-6d1b23ef6705,CIF000068,Pham Duc Cuong,285067625153,TPB,TPBank,,False,2026-03-04 19:31:27,2024-08-30 00:09:08
b937ccfe-7936-57d9-a9fb-e7671ec9c5ba,CIF000068,Hoang Minh An,3480797050975,VPB,VPBank,Minh,True,,2025-02-14 14:11:05
410aa51b-ba41-55e2-a6cc-a7a995e15217,CIF000068,Vo Van Dung,7318826170243,STB,Sacombank,Thue nha,True,,2025-09-11 07:27:44
25b9bbea-f48d-561f-b50c-22e937652180,CIF000069,Tran Hoang Thao,2256053134026,ACB,ACB,,False,2026-01-08 15:22:10,2025-06-14 13:24:43
b5f45a19-94d1-586e-8898-f65cec596bb6,CIF000069,Hoang Thi Quang,8725686211022,MB,MB Bank,Tiet kiem,True,2026-05-11 03:18:53,2024-11-13 11:56:27
5153411b-2e05-54bd-bbb0-851a821a25c5,CIF000069,Dang Huu Lan,6744716392,TPB,TPBank,Thue nha,False,,2024-06-19 06:02:21
25ae5ac8-f62d-527a-be43-32b077560904,CIF000070,Pham Hoang Duc,8923923126,VCB,Vietcombank,Tien nha,False,2026-03-30 16:56:46,2024-04-06 03:14:56
cba08ef2-c0b3-5599-84a6-6f31f5eaee4a,CIF000070,Tran Van Phuc,8433567086041,VPB,VPBank,Bo,False,2026-05-23 19:29:50,2023-08-13 21:01:51
73fc43d0-c752-5546-9ae0-71d1a89980e2,CIF000070,Le Van An,5347491624,STB,Sacombank,Thue nha,True,2026-04-12 14:49:52,2025-10-05 03:24:37
55637f97-8452-5626-9e35-7deed0b80ab7,CIF000070,Le Thanh Oanh,989534396112,VIB,VIB,Tien hoc,False,,2024-03-22 19:52:45
748ab3be-33ec-5337-bd86-16e084b7c382,CIF000071,Bui Thi Cuong,473820236848,MB,MB Bank,,True,,2025-04-08 11:56:49
964deb75-51aa-537f-97fc-d1380e89f4b1,CIF000071,Tran Hoang Quang,2942409036,STB,Sacombank,,False,,2024-02-13 02:57:59
ffa7ab7a-d9bf-593d-af98-b7250051c421,CIF000072,Do Ngoc Vy,6943202939087,TPB,TPBank,,True,2026-01-12 18:50:30,2024-09-03 09:14:20
dd0884e2-aa2b-5d89-a038-c6e21ee95401,CIF000072,Hoang Anh Dung,30834024240,CTG,VietinBank,,True,2026-04-05 22:54:25,2024-11-21 18:19:06
9468bf89-37af-58fb-bed2-fb171f67553f,CIF000072,Ngo Thanh Nam,8426945005,CTG,VietinBank,,True,2025-12-04 00:52:50,2025-09-12 19:18:09
ffb48054-6e78-5e0c-b90a-12515670db29,CIF000072,Ngo Thi Lan,4983735439627,CTG,VietinBank,,True,2026-03-04 00:20:02,2023-10-24 13:03:21
281b516d-dc66-58a2-9660-a305d3089aba,CIF000073,Le Hoang Giang,39724042269,CTG,VietinBank,Me,True,2026-04-05 06:28:16,2025-02-15 06:26:52
7127c941-d528-5ba4-87d3-5a4c8e1a84cd,CIF000073,Tran Anh Em,9166010023,TCB,Techcombank,Chi Lan,True,,2023-06-15 14:18:52
2a15f941-4748-5ce8-95b3-498c8b33021b,CIF000073,Tran Anh Lan,132797245723,VCB,Vietcombank,Thue nha,True,2026-05-10 04:25:43,2023-08-09 04:02:38
6998b37b-0da3-5327-b295-c84edb52525c,CIF000073,Tran Anh Minh,8620303662,MB,MB Bank,,True,,2025-01-18 16:17:19
33df4e80-e7f6-5c6d-9324-70683f3114ca,CIF000074,Bui Duc Dung,14519515109,BIDV,BIDV,Ban Hoa,True,2026-02-21 13:46:59,2024-01-20 08:36:31
218109ab-d7ab-5bb7-90c9-81d0b8a1c9fa,CIF000075,Ngo Quoc Oanh,4754102252,ACB,ACB,Tiet kiem,False,2025-12-14 01:42:15,2023-11-23 19:03:39
337bec49-8597-52a2-8ad8-ae9682165772,CIF000075,Ngo Ngoc Lan,215226557676,VIB,VIB,,True,,2024-06-17 00:07:09
b2d711b6-749f-590d-abb5-b871f0599af6,CIF000075,Dang Ngoc Vy,8878836196893,TCB,Techcombank,Minh,True,,2024-12-14 23:11:35
b582efe4-2d4a-53f0-91d3-11d4354a165a,CIF000076,Bui Duc Nhi,0552472863,CTG,VietinBank,,True,2026-04-15 02:34:23,2024-01-09 06:16:53
c15b1b38-6d53-5079-8de6-bcca1a8e8070,CIF000076,Dang Van Duc,5019179202521,CTG,VietinBank,Tien hoc,False,2026-04-28 15:06:18,2024-03-10 09:16:43
3e5a0714-a6b8-5a64-a709-2e030c1142e7,CIF000076,Bui Duc Lan,765704120092,TPB,TPBank,Em gai,False,2026-05-20 02:20:47,2025-05-06 17:24:05
1c3678b0-315c-56da-8784-f8ff1abadaf6,CIF000076,Do Quoc Nhi,362418623690,CTG,VietinBank,Bao hiem,False,2026-05-13 10:40:00,2023-09-28 22:34:08
1c171f37-6b88-567e-a3ea-6800d634465f,CIF000076,Bui Hoang Nam,6205634111595,VCB,Vietcombank,Anh Nam,True,2026-03-26 22:44:16,2023-06-18 01:15:09
3b1a0b8c-bfbf-5ccf-a1ba-987e355bba2b,CIF000077,Pham Anh Hoa,3419909700,MB,MB Bank,Thue nha,True,2026-01-24 20:05:22,2025-02-08 11:36:01
43e09ee5-a5b6-5a09-b546-740f9c85a772,CIF000077,Do Minh Nam,5215681820967,VIB,VIB,,True,2026-04-12 12:05:35,2025-05-20 09:51:05
e07c3c7e-e803-5278-9abd-f8a44ad7f224,CIF000077,Tran Thi Duc,32288985725,VPB,VPBank,Bao hiem,False,2026-04-18 09:42:50,2025-01-23 04:03:11
a22b297d-6bdb-58fa-88ee-09a33c8970aa,CIF000078,Pham Huu Yen,2971024817,TCB,Techcombank,Anh Nam,False,2026-01-24 09:26:28,2025-11-12 13:54:40
71adac46-d223-5456-b7d5-e708e1bfd338,CIF000078,Vo Thanh Cuong,2747472197,VCB,Vietcombank,Thue nha,True,,2023-12-18 08:52:51
81e03ac1-f318-5d8a-9bef-0d35cb139b68,CIF000079,Vo Anh Mai,516874090380,BIDV,BIDV,,True,2026-02-16 12:46:53,2023-09-22 08:50:32
b3722ab7-4a42-5231-add9-cc45ca1a203c,CIF000079,Pham Ngoc Mai,1577871121663,ACB,ACB,Bo,True,2026-01-11 06:57:06,2025-06-09 18:44:55
2a789ddc-afd8-5069-b04a-f67c21f2f932,CIF000079,Tran Quoc Son,8272359096,VCB,Vietcombank,,True,2026-03-02 22:14:55,2024-04-27 12:54:19
27626404-5b08-542f-91c8-addca4a11c1c,CIF000079,Nguyen Minh Mai,6442121461,VPB,VPBank,,True,2026-01-11 13:48:04,2024-07-08 00:53:37
2f59cffa-7b1f-53b4-a98f-ce1b1a8c21fd,CIF000080,Nguyen Thi Hung,5423567782659,ACB,ACB,,True,,2024-04-04 10:51:09
7915e845-2c96-5aca-9683-e1b7efe87d45,CIF000080,Tran Huu Yen,55027275164,TPB,TPBank,,False,,2023-12-13 07:04:37
2fd5aa23-09c2-5713-96e7-386b98c8ef89,CIF000081,Ngo Thi Binh,36829635339,VCB,Vietcombank,Bo,True,,2025-07-19 23:05:34
78e8bba6-71d1-5e0b-877c-641df5b6565c,CIF000081,Tran Hoang Hieu,6655868512765,BIDV,BIDV,Anh Nam,True,2026-05-14 02:24:44,2025-04-10 14:56:46
6e719512-0067-59cf-b1c1-d22b312bb7e4,CIF000081,Hoang Huu Nhi,1110961798,TCB,Techcombank,,True,,2024-08-24 08:25:17
7d4e56f8-923a-5d88-a7f4-6e8760195470,CIF000081,Dang Minh Khoa,8613715766053,TPB,TPBank,Chi Lan,True,,2025-03-06 05:45:09
ed5aa72f-02fb-589c-8d5b-814c42af48d7,CIF000082,Nguyen Ngoc Binh,0258955296,CTG,VietinBank,Em gai,True,2026-05-10 21:19:20,2023-08-20 03:04:43
bde8b3f7-b052-5c62-b929-1a0edd27d03e,CIF000082,Ngo Ngoc Em,2658263128196,VPB,VPBank,,True,2025-12-19 02:35:49,2023-10-23 21:11:11
0d9ff672-81b3-55b6-bd1a-050cd0eff621,CIF000083,Dang Van Hieu,09819602752,CTG,VietinBank,,True,2026-05-13 04:48:45,2024-06-15 23:44:50
0ecd17b2-2291-563f-8764-b417d6849b71,CIF000084,Hoang Van Linh,2091179112,VPB,VPBank,Anh Nam,True,2026-02-09 04:14:00,2024-04-19 01:46:30
4a125bdb-7236-5edf-b0a2-9494d3f3599d,CIF000084,Dang Thi Tuan,6171366572,BIDV,BIDV,Anh Nam,True,2026-05-15 23:41:54,2023-07-19 20:33:31
1142071c-bd91-56ff-831b-2a2231e24504,CIF000084,Tran Thanh Oanh,9980284139080,TPB,TPBank,Anh Nam,True,2026-05-24 11:39:02,2024-05-03 00:46:21
b09cf8ff-0a47-597a-a429-94c1b8d7af53,CIF000084,Nguyen Thanh Em,12447315847,STB,Sacombank,Em gai,False,2026-01-08 10:10:15,2024-08-10 15:31:29
8adefd69-2558-5668-a873-cffe2618ad8f,CIF000085,Tran Huu Trang,237676945919,ACB,ACB,Tien hoc,True,,2023-09-08 20:01:10
b9772c5d-a699-510b-9455-26961511486b,CIF000085,Bui Duc Hung,8496498560,TCB,Techcombank,Bo,True,2026-01-17 15:15:55,2023-09-21 20:13:40
9dbecafc-1852-5197-a23d-ec9c71befe6a,CIF000085,Pham Thanh Oanh,51050537953,TPB,TPBank,Thue nha,True,2025-12-20 23:38:34,2025-10-19 10:03:22
57087389-628a-539c-a480-24b9d02cafcb,CIF000085,Hoang Huu Hung,9665533077,VCB,Vietcombank,,True,2026-01-03 05:34:08,2025-12-21 06:57:39
2501e196-964a-5f35-b22b-43a7db51cb00,CIF000086,Ngo Ngoc Khoa,4090742608,TPB,TPBank,Chi Lan,True,2026-05-11 03:22:56,2025-03-06 19:15:42
2d00f585-f376-56b5-89a1-dc16eed13beb,CIF000086,Hoang Quoc Nam,618579064771,MB,MB Bank,,True,2026-05-10 06:54:22,2023-06-17 03:35:31
58f2027b-224f-5a87-8f70-a10aac0da388,CIF000086,Le Thi Nam,3213580040104,TCB,Techcombank,Dong nghiep,True,,2024-07-24 07:03:02
b456f9ea-b61a-57fc-97c4-6cddd0fd83a4,CIF000087,Le Huu Son,2529671883,VIB,VIB,Anh trai,False,2026-04-21 22:04:32,2025-06-19 20:35:44
4f3adbd3-6a2f-5c80-88bb-aa327374dcf5,CIF000087,Pham Thi Linh,158331170303,STB,Sacombank,,True,2026-01-10 12:25:58,2025-12-04 08:17:48
da0b483e-1c2e-55fa-9e56-2d3a2412f244,CIF000088,Do Thanh Hai,728123567983,ACB,ACB,Thue nha,True,2026-05-18 21:42:28,2025-11-13 17:09:07
e9734597-38e0-5fed-9049-ba6a2e158171,CIF000088,Tran Duc Son,1307240787,MB,MB Bank,Ban Hoa,True,2025-12-30 05:56:25,2025-02-06 14:32:54
4b24a2f4-9c42-5a6c-8c62-07e0abf5c8cb,CIF000088,Do Ngoc Uyen,074510663436,BIDV,BIDV,Ban Hoa,True,2025-12-22 04:50:12,2023-08-17 11:20:32
4af4ca07-9ad2-54a0-b1d1-a985db52f71f,CIF000088,Pham Thi Khoa,0094318143,VIB,VIB,,True,2026-01-12 16:45:13,2024-07-21 17:43:00
caeed519-d31f-5339-a5a2-70d973a05d5c,CIF000088,Bui Minh Giang,54940128974,CTG,VietinBank,Chi Lan,True,2026-05-24 17:41:40,2025-05-08 03:41:40
69ebd13e-f2d5-570b-91c9-cd231d78b050,CIF000089,Nguyen Hoang Quang,024120957907,CTG,VietinBank,Minh,False,2026-01-26 10:34:01,2024-05-20 15:10:52
afdb5b75-f4c7-57a8-8060-db4b08913dd4,CIF000089,Do Anh Giang,11457758474,MB,MB Bank,Bao hiem,True,,2025-08-13 10:08:27
6b23cf41-d402-5a7f-a3b7-dadbdedbaedb,CIF000090,Bui Thi Linh,2632570396,MB,MB Bank,Me,True,,2023-11-15 15:59:01
2d764a65-2fc2-587a-9d1b-3041f9eecf8c,CIF000090,Hoang Anh Hung,8245569644309,TPB,TPBank,,False,2026-05-04 10:31:11,2025-05-07 20:39:40
b1241b6d-c2c5-5ff6-8d55-9ab2e1b8b659,CIF000090,Ngo Thanh Minh,0727284982,VPB,VPBank,Me,False,2025-12-08 22:51:18,2024-05-03 14:28:28
8a64218a-7bb4-5619-b15c-61d90d70745b,CIF000090,Hoang Huu Dung,7406500425,VPB,VPBank,,True,,2025-10-19 02:14:32
63ba3c31-9ae1-5e0d-bc09-9374eedd7679,CIF000090,Le Thi Duc,236914307536,ACB,ACB,Me,False,,2025-12-14 11:13:10
17072c76-7161-590d-9995-90e08be3874a,CIF000091,Le Huu Quang,923426834414,VIB,VIB,,True,2026-05-01 22:16:29,2025-04-09 16:32:41
7a2c4f90-3792-5f49-abdd-369ca5590410,CIF000091,Tran Duc Uyen,5857567667080,ACB,ACB,Anh Nam,True,2026-01-17 02:48:38,2025-11-18 11:59:16
ec1d3b1d-fcd9-54b8-be29-0e458f2ebf05,CIF000091,Do Thanh Em,062607870104,TCB,Techcombank,Me,False,2026-04-14 02:23:46,2024-10-27 16:02:32
bb943282-9d0d-5871-8dad-1eb9b660dfea,CIF000092,Tran Huu Thao,3828723244,VCB,Vietcombank,,True,2025-12-14 00:54:16,2023-06-01 01:19:53
8d005b29-75f7-56ef-bac0-50a5b8f03925,CIF000093,Ngo Thi Uyen,3317087601,VPB,VPBank,Anh Nam,False,,2025-09-27 07:10:15
24109bcf-9d9c-5448-80d3-9b7981e34800,CIF000093,Hoang Huu Thao,9162022328837,STB,Sacombank,Chi Lan,True,2026-02-10 07:55:32,2024-08-01 11:30:15
d6237d25-53ce-5dcc-aa1f-62cbbd48d9e1,CIF000094,Dang Thi Son,6204719609409,STB,Sacombank,Bo,False,2026-04-20 09:43:42,2025-05-13 00:31:59
555feed8-a546-5920-afcd-0d892f31ecf5,CIF000094,Hoang Van Giang,883586812259,MB,MB Bank,Bao hiem,False,2026-04-28 02:00:32,2024-09-13 14:02:40
cd19c6ab-41f3-5eb1-ba42-039dcd8aca25,CIF000094,Dang Thi Nhi,6792988425995,VIB,VIB,,True,2026-05-15 10:45:11,2024-02-03 06:38:54
0934073d-06d2-58e2-99fa-bf4eb4ecd51d,CIF000094,Pham Thi Thao,7753312661,VCB,Vietcombank,,True,,2023-09-22 05:13:35
202e73a9-d9f3-5697-893a-a32510e9d56e,CIF000095,Vo Huu Hieu,2517629833,VPB,VPBank,Chi Lan,True,2026-01-01 11:23:31,2025-04-05 07:02:30
ef3864ce-c3da-5c59-ac59-ba4a7b3cf153,CIF000095,Do Minh Cuong,1302056981,MB,MB Bank,Dong nghiep,False,,2025-08-29 11:01:37
30faf496-4c8c-5df1-96d4-8d26d0489b07,CIF000095,Bui Minh Long,97855982176,ACB,ACB,,True,2026-03-11 10:32:42,2024-09-06 06:42:28
fb87a076-f596-5977-a409-0db2276a0aea,CIF000095,Tran Thi Tuan,09850344651,BIDV,BIDV,,True,2026-05-15 16:10:40,2025-08-13 07:28:57
3f26d84d-e132-5239-b172-7f782eb323ef,CIF000096,Do Quoc Phuc,8197400564,CTG,VietinBank,Tiet kiem,True,2026-05-08 14:23:18,2024-10-25 00:43:13
d8f7e859-3fe9-5ed4-9ddf-6b8335c1ee99,CIF000096,Nguyen Minh Tuan,9905169918,STB,Sacombank,,True,2025-12-07 21:54:30,2025-07-11 10:28:03
5d1e6834-2dca-5baf-8656-f4278e3503af,CIF000096,Do Minh Hieu,674300038960,TPB,TPBank,Em gai,False,2026-02-22 10:38:02,2025-03-25 01:30:33
d5154148-09be-5405-85c2-4d1a72597012,CIF000096,Do Duc Dung,1955356033190,CTG,VietinBank,Tiet kiem,False,,2025-10-30 10:23:14
fd44b506-c3c4-5ebd-bf62-beee0a8d18a2,CIF000096,Nguyen Van Mai,01027240559,CTG,VietinBank,,True,2026-04-07 16:33:29,2023-12-08 02:31:16
f8d7b81c-861b-587c-8681-e720d16e9c7d,CIF000097,Tran Quoc Vy,75374584384,MB,MB Bank,,True,2026-05-24 20:17:11,2025-02-28 04:59:46
624708b6-16b9-50a7-8ee7-13151a1f8e5e,CIF000098,Bui Quoc Cuong,28348315203,STB,Sacombank,,True,2026-03-07 21:04:38,2023-07-23 10:31:18
eaf157f3-d3a9-5420-9808-9ba94245fcb0,CIF000098,Hoang Quoc Xuan,4104967066703,CTG,VietinBank,Chi Lan,True,2026-01-29 06:05:35,2023-07-19 15:10:33
cc18324b-a96d-5be1-91dc-3c2c36574876,CIF000098,Do Thanh Nhi,9549305966,VCB,Vietcombank,,True,,2024-08-20 11:44:14
37813f84-8541-5cc1-9d67-41b65a100e0e,CIF000098,Do Hoang Quang,267320441384,MB,MB Bank,Minh,True,2026-04-08 00:14:03,2024-06-24 03:48:42
98342e5c-2be3-500f-ad99-7a1001aa210d,CIF000098,Ngo Van Dung,954277070705,STB,Sacombank,,True,2026-03-23 12:59:36,2023-10-02 13:43:23
a9bb884e-b89d-508a-b0f8-a10c07b0ae1e,CIF000099,Ngo Anh Nam,7244472322,VIB,VIB,,True,2026-01-05 18:41:34,2025-07-27 03:51:37
1e5f3ef5-d628-5a49-8402-3d2c30fe73b4,CIF000099,Bui Huu Nam,8304405809,CTG,VietinBank,Me,True,2025-12-16 00:56:39,2024-06-03 03:12:24
117d3f46-ce11-5fee-addb-345f5ded703b,CIF000099,Pham Thanh Xuan,616420595565,STB,Sacombank,,True,2026-02-10 12:24:40,2023-08-09 07:12:10
b18feb24-450c-5c16-9e57-7e26dd078815,CIF000100,Le Huu An,9358895369,VCB,Vietcombank,,True,,2023-09-30 20:38:25
09b39233-2363-59af-839a-bf30d36b159c,CIF000100,Tran Minh Xuan,8180978875439,VPB,VPBank,,True,,2024-12-14 07:01:54
da9da61f-0220-53a5-9613-8fbfac7dfcaf,CIF000100,Pham Hoang Nam,3765158815,STB,Sacombank,,True,2026-03-21 13:19:37,2023-12-12 14:49:25
3e53647e-c19d-526d-9058-61dbb628d48d,CIF000001,Pham Van Minh,9294455116682,TPB,TPBank,Minh,True,2026-04-28 23:06:08,2025-01-18 20:33:36
b4eafd12-1f08-5cb0-bfbc-2820cd5ef708,CIF000002,Le Van Minh,0216487120602,CTG,VietinBank,Minh,True,2026-04-04 13:04:05,2024-04-12 19:42:00
9b3e9ffd-2068-5e38-b950-3d95f2c5223a,CIF000004,Do Van Minh,6526834155999,TPB,TPBank,Minh,True,2026-04-06 05:33:47,2024-02-05 03:17:30
e2cd24ae-ef65-57c0-9fad-318ec2003c3a,CIF000005,Vo Van Minh,6764722981209,TCB,Techcombank,Minh,True,2026-04-29 18:57:04,2024-10-14 06:56:57
898fc1dc-a8a1-5ea9-a1a5-324a57834ce7,CIF000006,Dang Van Minh,728941347509,STB,Sacombank,Minh,True,2026-04-26 03:08:17,2025-02-11 22:19:08
7cc8aef9-fe7e-5d6e-b18b-38a9e5edf697,CIF000007,Do Van Minh,4565220368499,VIB,VIB,Minh,True,2026-04-16 06:15:52,2024-03-18 06:11:26
032b1556-640c-5e3e-8f48-6c22983cb674,CIF000008,Hoang Van Minh,14477324491,MB,MB Bank,Minh,True,2026-04-12 05:55:13,2025-06-01 15:13:22
5d91c7ab-4b09-5b64-98fe-02d4f1e320f0,CIF000011,Le Van Minh,3882090883,VPB,VPBank,Minh,True,2026-04-01 07:45:55,2025-01-14 07:48:00
75286af5-d154-5fa1-8e84-680da5e5752f,CIF000012,Vo Van Minh,49678274117,VCB,Vietcombank,Minh,True,2026-04-21 23:37:34,2025-01-18 02:56:59
3a712d1e-dca9-59aa-babc-ac0220217f1d,CIF000013,Tran Van Minh,41513152854,VPB,VPBank,Minh,True,2026-04-23 00:19:26,2025-05-04 19:40:56
76b60db6-9f18-5190-8739-e0e6925fc29f,CIF000015,Tran Van Minh,061853800329,TPB,TPBank,Minh,True,2026-04-19 06:18:55,2024-06-20 01:00:12
8d1ce095-2735-56d8-8293-5742d0bea124,CIF000016,Hoang Van Minh,2727423183061,CTG,VietinBank,Minh,True,2026-04-24 19:41:47,2025-03-09 04:58:27
a9c9517c-a04d-5b63-9348-ac057220c082,CIF000017,Pham Van Minh,06496935782,VIB,VIB,Minh,True,2026-04-15 13:38:33,2024-06-29 02:48:18
98f961d6-7238-5f02-9cba-4a23abf3800d,CIF000019,Bui Van Minh,6958741314675,VPB,VPBank,Minh,True,2026-04-13 00:14:15,2025-05-29 12:22:12
063c4e95-ca2f-5fb7-af45-2bbaba12df3a,CIF000020,Tran Van Minh,75156277963,ACB,ACB,Minh,True,2026-04-02 09:44:37,2024-08-13 23:19:57
e974b13e-67e5-5bf3-be30-61ec96da91ee,CIF000021,Do Van Minh,60854566766,VPB,VPBank,Minh,True,2026-04-13 15:44:12,2024-02-12 10:26:23
e1e702d7-c7b4-582c-8ab8-c0e1345a02a7,CIF000022,Bui Van Minh,50476392831,VPB,VPBank,Minh,True,2026-04-17 00:06:35,2024-04-10 08:44:54
f87bd520-6e9d-567b-9098-1c17622ba3e0,CIF000023,Do Van Minh,0615581083,VIB,VIB,Minh,True,2026-04-18 13:52:28,2025-02-19 21:56:02
e0bf4624-7365-51c6-a001-208bb8e4c793,CIF000024,Le Van Minh,3425563830008,CTG,VietinBank,Minh,True,2026-04-05 23:26:43,2025-01-24 12:37:29
e4054932-8b3b-5617-8e14-0272627178d0,CIF000025,Bui Van Minh,2440330416,ACB,ACB,Minh,True,2026-04-20 10:54:31,2024-04-11 21:37:05
cd4145ee-5b19-58d3-a18b-592845fbe7b7,CIF000026,Tran Van Minh,1860089219,VPB,VPBank,Minh,True,2026-04-19 23:41:32,2024-05-30 21:43:03
7c468645-3ab0-5b91-a6bf-28268dec0ed2,CIF000027,Hoang Van Minh,680447314976,VIB,VIB,Minh,True,2026-04-15 03:19:03,2024-11-29 15:06:17
3bd00377-79fc-53d2-8659-240caf8948ed,CIF000028,Pham Van Minh,8474883607658,TCB,Techcombank,Minh,True,2026-04-06 06:11:01,2024-12-17 06:55:49
dfbc3909-3d18-5c40-be52-5e79e04467ad,CIF000029,Ngo Van Minh,6375791452,CTG,VietinBank,Minh,True,2026-04-05 01:26:28,2024-03-15 02:10:49
58149124-3a0e-53c1-9060-0aafe4a51ce8,CIF000030,Le Van Minh,79312697893,TPB,TPBank,Minh,True,2026-04-03 20:39:42,2025-01-18 05:58:24
71a902b2-ccc4-54de-a478-3ceac706e1b1,CIF000001,Dang Thi Minh,520599604387,VPB,VPBank,Minh,True,2026-04-22 23:18:50,2025-01-23 05:14:08
0c176cb1-699b-509b-bd79-c920a9a61d96,CIF000002,Pham Thi Minh,778811616202,MB,MB Bank,Minh,True,2026-04-20 11:32:44,2024-04-04 08:30:29
3f2d34ba-07ff-5355-b212-36c0e7cdf2b7,CIF000004,Pham Thi Minh,1067287286604,BIDV,BIDV,Minh,True,2026-03-12 09:59:20,2024-12-04 05:55:27
251000c9-14fe-55fa-84c4-2a38ee8b6d74,CIF000005,Hoang Thi Minh,959224839589,VPB,VPBank,Minh,True,2026-03-25 09:25:48,2025-01-01 16:46:08
6b3305a8-1bea-51d3-86d3-46b4924bc480,CIF000006,Pham Thi Minh,228705622710,STB,Sacombank,Minh,True,2026-03-31 06:38:27,2025-06-28 20:14:54
29c4fa48-af12-5ffc-b2f0-259081829d39,CIF000032,Tran Anh Son,109792158350,CTG,VietinBank,Tien nha,True,2026-04-19 16:53:07,2024-08-01 06:33:13
1c7000f0-0e4c-5c3d-a165-d4388cdcbfd5,CIF000033,Ngo Quoc Oanh,4883192134249,VPB,VPBank,Thue nha,True,2026-04-10 22:25:40,2024-04-08 09:56:07
8545d95f-1846-5a71-89c8-fb284e14e1be,CIF000034,Vo Huu Hai,973203319222,TPB,TPBank,Thue nha,True,2026-05-17 03:54:41,2024-01-01 04:36:07
a741e09f-37bb-590c-bc41-33fa25559283,CIF000035,Nguyen Duc Uyen,6754813866675,MB,MB Bank,Tien nha,True,2026-05-01 06:27:27,2025-02-09 10:31:07
9ea16c5b-0758-506f-b429-ff841839aeb3,CIF000036,Ngo Minh Giang,268774186520,MB,MB Bank,Tien nha,True,2026-05-06 12:06:46,2024-12-28 00:17:02
a647e921-82f6-5bcf-9e06-a60cd9209c31,CIF000037,Pham Huu Vy,65203758309,MB,MB Bank,Thue nha,True,2026-05-01 03:15:45,2024-09-12 02:46:50
ca14feb0-17b2-54a3-9050-62a30253063e,CIF000038,Hoang Anh Nhi,9404760440,TCB,Techcombank,Thue nha,True,2026-05-26 13:16:41,2024-01-24 15:11:27
5b8e4026-d5bf-548e-ad7c-ed6a8d883f15,CIF000039,Bui Duc Tuan,0509222161,STB,Sacombank,Thue nha,True,2026-04-06 10:36:04,2024-12-10 09:09:54
d03d2838-563a-544e-ae6f-8d611778595b,CIF000040,Tran Anh Linh,90552958066,VCB,Vietcombank,Thue nha,True,2026-04-06 23:16:00,2024-02-20 10:50:49
5f6fd9d5-0023-599d-a14a-52f47870c95a,CIF000042,Hoang Thi Giang,0493862044851,CTG,VietinBank,Tien nha,True,2026-05-04 03:38:31,2024-12-28 03:34:20
